name,description,tel,website,email,linkedin,location,Languages,url
Parkhya Solutions,"TOP SHOPIFY EXPERTS with 3000+ jobs completed successfully! 

Hire our best Shopify store designers, developers, and digital marketing experts to grow your online business!

Contact:
Mobile/Whatsapp: +91 9589706590
Email: rashmi@parkhya.com
Skype: parkhyasolutions",+91 9589706590,https://www.parkhya.com/,rashmi@parkhya.com,https://www.linkedin.com/company/parkhya-solutions/,"Indore,India","English, Hindi",https://www.shopify.com/partners/directory/partner/parkhya-solutions
Adex Labs,"ğŸ†Trusted Award Winning Shopify Development & design Experts having expertise in providing e-commerce solutions. We design professional, modern Shopify websites & provide SEO friendly store migration services. 

Reach us for quick proposal:
contact@adexlabs.com",+1 â€ª(562) 384-9390â€¬,https://adexlabs.com/,contact@adexlabs.com,https://www.linkedin.com/company/adex-labs/,"Dallas,United States","English, Spanish, German",https://www.shopify.com/partners/directory/partner/adex-labs
Fuznet,"Fuznet est une agence franÃ§aise Shopify Experts crÃ©Ã©e pour aider les commerÃ§ants Ã  augmenter leurs ventes.

Depuis 2015 nous sommes spÃ©cialisÃ©s dans la conception, le dÃ©veloppement et la maintenance de sites Internet Shopify.",NO DATA,https://www.fuznet.com/,contact@fuznet.com,NO DATA,"Gap,France","English, French",https://www.shopify.com/partners/directory/partner/fuznet
CedCommerce,"ğŸ›ï¸ Hire a Shopify Expert for your business ğŸš€

âœ… 10000+ Successful Projects
âœ… 11+ Years of Experience
âœ… Trusted by Top Partners (Google, Meta, Amazon, Walmart) https://cedcommerce.com/partners

Quick Chat with us: https://www.mastroke.com/",+1(361) 338-4667,https://cedcommerce.com/,expert@cedcommerce.com,NO DATA,"Sheridan,United States","English, Spanish, German",https://www.shopify.com/partners/directory/partner/cedcommerce
KLoc Technologies Pvt Ltd,"KLoc Technologies is a premium eCommerce agency providing best-of-breed solutions to businesses across domain verticals.
5 Continents | 17+ years | 700+ Stores | >500 âœ­âœ­âœ­âœ­âœ­  Reviews on Service Marketplace
â¤ Design & Development
â¤ Custom Shopify Apps
â¤ Branding & More",8792294490,https://kloctechnologies.com/,ecomexpert@kloctechnologies.com,https://www.instagram.com/wearekloc,"Bangalore,India","English, Hindi",https://www.shopify.com/partners/directory/partner/kloc-technologies-pvt-ltd
RootSyntax Technologies,"Email us:   support@rootsyntax.com
Book a call:  https://calendly.com/rootsyntax-technologies
Phone :+1 352-218-5661

âœ” 8+ years of experience
âœ” 800+ 5 STAR reviews
âœ” 3000+ satisfied customers
âœ” Quick Support
âœ” Top rated shopify partner
âœ” Affordable rates",352-218-5661,https://www.rootsyntax.com/,support@rootsyntax.com,https://www.instagram.com/rootsyntax,"Ocala,United States",English,https://www.shopify.com/partners/directory/partner/rootsyntax
Mandasa Technologies,"ğŸ‘‰  5000+ Jobs
ğŸ‘‰  30+ services offered 
ğŸ‘‰  12+ years of experience
ğŸ‘‰  50+ team members
ğŸ‘‰  Top rated Shopify experts

Full stack service
âœ… 100% Satisfaction guaranteed!

ğŸŒ  www.mandasa.in
ğŸ“§  experts@mandasa.in
ğŸ“  +918989609120
ğŸ’¬  https://wa.me/+918989609120",+918989609120,https://www.mandasa.in/,experts@mandasa.in,https://www.linkedin.com/company/mandasa-technologies/,"Mandsaur,India","English, Spanish, German",https://www.shopify.com/partners/directory/partner/mandasa-technologies
MS Web Designer,"We are Shopify Experts based in Singapore Enabling Commerce Brands To Build & Scale Globally with Future proof online store development, performance marketing, branding & strategy, Conversion rate optimization etc .

E: hi@mswebdesigner.com
Whatsapp: +65 8504-5771",Whatsapp: +65 8504-5771,https://www.mswebdesigner.com/,hi@mswebdesigner.com,https://www.linkedin.com/company/31305244/admin/feed/posts/,"Singapore,Singapore","English, Spanish, German",https://www.shopify.com/partners/directory/partner/ms-webservices
ZAGO Sweden,"As a certified Shopify Plus Partner, ZAGO specialises in crafting bespoke e-commerce solutions for high-growth businesses.

The team behind Ecommerce OmniChannel for https://stryx.com/, drkn.com, thefatcow.se, shopfiire.com and many more.",0765941670,http://www.zago.se/,david@zago.se,https://www.facebook.com/zagosweden,"Stockholm,Sweden","English, Spanish, Swedish",https://www.shopify.com/partners/directory/partner/zagosweden
BubbleUp,"We offer services from custom site development to optimizing eCommerce functionality to marketing. We enhance user experience, streamline sales, and drive growth. Ensuring seamless integration, we help you maximize your online business potential",NO DATA,https://www.bubbleup.net/,NO DATA,NO DATA,"The Woodlands,United States",English,https://www.shopify.com/partners/directory/partner/bubble-up
Buy Ecom Stores,"At Buy Ecom Stores, we have a team of experienced Shopify Developers and Experts, serving you since 2009. Book a free meeting with our Shopify Developers anytime.",5052406859,https://buyecomstores.com/,info@buyecomstores.com,NO DATA,"Iselin,United States",English,https://www.shopify.com/partners/directory/partner/buyecomstores
BOTEROMEDIA,"How do we do it? We provide continuous support through dedicated teams to scale your e-commerce, focusing on strategy, development, and critical operations. Our expertise lies in e-commerce strategy and development, median buying, content creation and email marketing.",+573158700877,https://www.boteromedia.com/,carlosandres@botero.net.co,https://www.linkedin.com/company/boteromedia/,"BOGOTÃ,Colombia","English, Spanish",https://www.shopify.com/partners/directory/partner/botero-media1
Isaac Scheffer,"Nenhum negÃ³cio sobrevive sem venda. Todos os nossos sites e serviÃ§os sÃ£o focados em uma coisa: fazer vocÃª vender mais!
A venda nada mais Ã© do que a consequÃªncia de um bom trabalho feito, de um bom atendimento, de um bom design... e Ã© aqui que vamos te ajudar! ğŸ‘‹ğŸ¼",+55 (48) 98815-6061,https://bento.me/istoria,contato@istoria.com.br,https://www.linkedin.com/in/isaacscheffer/,"FlorianÃ³polis,Brazil","English, Spanish, Portuguese (Brazil)",https://www.shopify.com/partners/directory/partner/isaac-scheffer-cunha
AppJetty,"AppJetty - A Biztech Company is a software product development company. We run a store specializing in extensions and plugins for various software platforms such as Magento, WordPress, SugarCRM, SuiteCRM, Odoo, Shopify, and Dynamics CRM.",+91 9106747559,https://www.appjetty.com/,sales@appjetty.com,https://www.linkedin.com/company/appjetty,"Burbank,United States",English,https://www.shopify.com/partners/directory/partner/appjetty
EASYCOM ITALIA,"La 1Â° azienda italiana specializzata in marketing per ecommerce nel settore fast fashion su Shopify. Ti guidiamo dalla costruzione del tuo ecommerce fino alla vendita. 
Valutati 5 Stelle su Trustpilot:
https://it.trustpilot.com/review/easycomitalia.com",3801799795,https://www.easycomitalia.com/,info@easycomitalia.com,https://www.instagram.com/easycomitalia/?fbclid=IwAR2atQroJ5nfCfkMmkyq4Hj2o3OhUe6Tc5vO9NOhbGQpyMYeY4P3z9-UYu0,"Nocera Inferiore,Italy","English, Italian",https://www.shopify.com/partners/directory/partner/easycom-italia
Thriftizer,"Boost your online business with Thriftizer's beautifully designed and highly converting Shopify store. From store setup to SEO, SMO, DM, and sales channel integration, we've got you covered. Let us handle your store migration and watch your sales soar.",8861324254,https://www.thriftizer.com/,praveen@thriftizer.in,https://www.linkedin.com/company/thriftizer-solutions-llp,"Bangalore,India","English, French, Hindi",https://www.shopify.com/partners/directory/partner/thriftizer-solutions
UTD,"Who we are

The team of like-minded people focused on your brand growth.
UTD has experts in eCommerce, design, development, marketing, growth optimization, and customer experience. We link together creativity, technology, commerce, and the psychology of user behavior.",NO DATA,https://utdweb.team/,hello@utdweb.team,https://www.linkedin.com/company/the-united-team-of-developers,"Antwerpen,Belgium","English, Spanish, Russian",https://www.shopify.com/partners/directory/partner/utd2
ProactiveCommerce,"Let's Get The Ball Rolling with ProActiveCommerce!

Email ğŸ“§    support@proactivecommerce.org
Call  ğŸ“      +91 9136443512

â˜† 100+ 5 STAR reviews.
â˜† 7+ Years of Experience
â˜† 10,000+ Satisfied customers
â˜† 100+ Developers

Website: https://proactivecommerce.org/",NO DATA,https://proactivecommerce.org/,support@proactivecommerce.org,https://www.instagram.com/proactive_commerce/,"New Hope,United States","English, Spanish",https://www.shopify.com/partners/directory/partner/proactivecommerce
jixindesign,"å†€ä¿¡ç§‘æŠ€ä¸“æ³¨äºshopifyæ­å»ºã€è£…ä¿®ã€ä¼˜åŒ–ã€Uiè®¾è®¡å¼€å‘ã€é€Ÿåº¦ä¼˜åŒ–ã€seoä¼˜åŒ–ç­‰ä¸€åˆ‡æœ‰å…³shopifyçš„æœåŠ¡ï¼ŒæœåŠ¡è¶…è¿‡3000+çœŸå®shopifyå“ç‰Œã€‚è‡´åŠ›äºå¸®åŠ©å®¢æˆ·å®ç°ç½‘ç«™å“ç‰ŒåŒ–å’Œæé«˜è½¬åŒ–ç‡ã€‚

è´Ÿè´£äººLemonæ‹¥æœ‰å¤šå¹´shopifyå¼€å‘ã€è£…ä¿®ã€ä¼˜åŒ–ç»éªŒã€‚shopifyå®˜æ–¹æ¨èä¼˜è´¨åˆä½œä¼™ä¼´ã€‚è¶…è¿‡4å¹´çš„shopifyç»éªŒè®©æˆ‘ä»¬æ‹¥æœ‰æ ‡å‡†sopäº¤ä»˜æµç¨‹ï¼Œå¯æä¾›é«˜è´¨é‡è£…ä¿®é£æ ¼ä»¥åŠé«˜è´¨é‡çš„å”®åæ”¯æŒã€‚

VXï¼šshopify_lemon",NO DATA,http://www.jixindesign.com/,hu851806490@gmail.com,NO DATA,"hangzhou,China","English, Chinese (PRC), Chinese (Traditional)",https://www.shopify.com/partners/directory/partner/min6
Pictonix,"Supercharge Your Business Growth with Expert Shopify Services!

Pictonix, your dedicated full-service eCommerce agency, excels in Store Development, Store Design or Redesign, UX Design, Audit, Conversion Rate Optimization (CRO), and Advertising & Marketing.",9718922022,https://pictonix.co/,info@pictonix.co,https://linkedin.com/company/pictonix,"Greater Noida,India","English, Spanish, German",https://www.shopify.com/partners/directory/partner/pictonix
Searchaly - Store build or redesign | Store migration | Theme customization Expert | Life time supportâ­,"At Searchaly, we go beyond expectations ğŸš€

âœ¨ 7+ years of expertise with a dedicated team  
ğŸ† Top-rated freelancer on Fiverr
ğŸ¯ 500+ successful projects with 100% Satisfaction   

We donâ€™t just build stores; we build brands!

Fiverr - https://fiverr.com/mahedithedev",+8801704718989,https://searchaly.com/,mhs.txt@gmail.com,NO DATA,"Dhaka,Bangladesh","English, German, French",https://www.shopify.com/partners/directory/partner/customer-support5
